pmid,first_author,authors,year,title,journal,doi,url
10074372,Lebruska LL,Lebruska LL; Maher LJ 3rd,1999,Selection and characterization of an RNA decoy for transcription factor NF-kappa B,Biochemistry,10.1021/bi982515x,https://pubmed.ncbi.nlm.nih.gov/10074372/
10097084,Blind M,Blind M; Kolanus W; Famulok M,1999,Cytoplasmic RNA modulators of an inside-out signal-transduction cascade,Proc Natl Acad Sci U S A,10.1073/pnas.96.7.3606,https://pubmed.ncbi.nlm.nih.gov/10097084/
10408383,Biesecker G,Biesecker G; Dihel L; Enney K; Bendele RA,1999,Derivation of RNA aptamer inhibitors of human complement C5,Immunopharmacology,10.1016/s0162-3109(99)00020-x,https://pubmed.ncbi.nlm.nih.gov/10408383/
10805157,Watson SR,Watson SR; Chang YF; O'Connell D; Weigand L; Ringquist S; Parma DH,2000,"Anti-L-selectin aptamers: binding characteristics, pharmacokinetic parameters, and activity against an intravascular target in vivo",Antisense Nucleic Acid Drug Dev,10.1089/oli.1.2000.10.63,https://pubmed.ncbi.nlm.nih.gov/10805157/
10848986,Fukuda K,Fukuda K; Vishnuvardhan D; Sekiya S; Hwang J; Kakiuchi N; Taira K; Shimotohno K; Kumar PK; Nishikawa S,2000,Isolation and characterization of RNA aptamers specific for the hepatitis C virus nonstructural protein 3 protease,Eur J Biochem,10.1046/j.1432-1327.2000.01400.x,https://pubmed.ncbi.nlm.nih.gov/10848986/
10882721,Rhodes A,Rhodes A; Deakin A; Spaull J; Coomber B; Aitken A; Life P; Rees S,2000,The generation and characterization of antagonist RNA aptamers to human oncostatin M,J Biol Chem,10.1074/jbc.M002981200,https://pubmed.ncbi.nlm.nih.gov/10882721/
10886365,Yamamoto R,Yamamoto R; Katahira M; Nishikawa S; Baba T; Taira K; Kumar PK,2000,A novel RNA motif that binds efficiently and specifically to the Ttat protein of HIV and inhibits the trans-activation by Tat of transcription in vitro and in vivo,Genes Cells,10.1046/j.1365-2443.2000.00330.x,https://pubmed.ncbi.nlm.nih.gov/10886365/
11094337,Seiwert SD,Seiwert SD; Stines Nahreini T; Aigner S; Ahn NG; Uhlenbeck OC,2000,RNA aptamers as pathway-specific MAP kinase inhibitors,Chem Biol,10.1016/s1074-5521(00)00032-6,https://pubmed.ncbi.nlm.nih.gov/11094337/
11433277,Robertson MP,Robertson MP; Ellington AD,2001,In vitro selection of nucleoprotein enzymes,Nat Biotechnol,10.1038/90256,https://pubmed.ncbi.nlm.nih.gov/11433277/
11557339,Cox JC,Cox JC; Ellington AD,2001,Automated selection of anti-protein aptamers,Bioorg Med Chem,10.1016/s0968-0896(01)00028-1,https://pubmed.ncbi.nlm.nih.gov/11557339/
11591377,Rhodes A,Rhodes A; Smithers N; Chapman T; Parsons S; Rees S,2001,The generation and characterisation of antagonist RNA aptamers to MCP-1,FEBS Lett,10.1016/s0014-5793(01)02895-2,https://pubmed.ncbi.nlm.nih.gov/11591377/
11756401,Proske D,Proske D; Höfliger M; Söll RM; Beck-Sickinger AG; Famulok M,2002,A Y2 receptor mimetic aptamer directed against neuropeptide Y,J Biol Chem,10.1074/jbc.M109752200,https://pubmed.ncbi.nlm.nih.gov/11756401/
11907208,Biroccio A,Biroccio A; Hamm J; Incitti I; De Francesco R; Tomei L,2002,Selection of RNA aptamers that are specific and high-affinity ligands of the hepatitis C virus RNA-dependent RNA polymerase,J Virol,10.1128/jvi.76.8.3688-3696.2002,https://pubmed.ncbi.nlm.nih.gov/11907208/
11927260,Leva S,Leva S; Lichte A; Burmeister J; Muhn P; Jahnke B; Fesser D; Erfurth J; Burgstaller P; Klussmann S,2002,GnRH binding RNA and DNA Spiegelmers: a novel approach toward GnRH antagonism,Chem Biol,10.1016/s1074-5521(02)00111-4,https://pubmed.ncbi.nlm.nih.gov/11927260/
12054450,Daniels DA,Daniels DA; Sohal AK; Rees S; Grisshammer R,2002,"Generation of RNA aptamers to the G-protein-coupled receptor for neurotensin, NTS-1",Anal Biochem,10.1006/abio.2002.5663,https://pubmed.ncbi.nlm.nih.gov/12054450/
12118241,Vaish NK,Vaish NK; Dong F; Andrews L; Schweppe RE; Ahn NG; Blatt L; Seiwert SD,2002,Monitoring post-translational modification of proteins with allosteric ribozymes,Nat Biotechnol,10.1038/nbt719,https://pubmed.ncbi.nlm.nih.gov/12118241/
12124337,Lupold SE,Lupold SE; Hicke BJ; Lin Y; Coffey DS,2002,Identification and characterization of nuclease-stabilized RNA molecules that bind human prostate cancer cells via the prostate-specific membrane antigen,Cancer Res,,https://pubmed.ncbi.nlm.nih.gov/12124337/
12203970,Proske D,Proske D; Gilch S; Wopfner F; Schätzl HM; Winnacker EL; Famulok M,2002,Prion-protein-specific aptamer reduces PrPSc formation,Chembiochem,10.1002/1439-7633(20020802)3:8<717::AID-CBIC717>3.0.CO;2-C,https://pubmed.ncbi.nlm.nih.gov/12203970/
12531194,Hesselberth JR,Hesselberth JR; Robertson MP; Knudsen SM; Ellington AD,2003,Simultaneous detection of diverse analytes with an aptazyme ligase array,Anal Biochem,10.1016/s0003-2697(02)00441-4,https://pubmed.ncbi.nlm.nih.gov/12531194/
12557236,Liu X,Liu X; Zhang D; Cao G; Yang G; Ding H; Liu G; Fan M; Shen B; Shao N,2003,RNA aptamers specific for bovine thrombin,J Mol Recognit,10.1002/jmr.604,https://pubmed.ncbi.nlm.nih.gov/12557236/
12874383,Chen CH,Chen CH; Chernis GA; Hoang VQ; Landgraf R,2003,Inhibition of heregulin signaling by an aptamer that preferentially binds to the oligomeric form of human epidermal growth factor receptor-3,Proc Natl Acad Sci U S A,10.1073/pnas.1332660100,https://pubmed.ncbi.nlm.nih.gov/12874383/
12902353,Rhie A,Rhie A; Kirby L; Sayer N; Wellesley R; Disterer P; Sylvester I; Gill A; Hope J; James W; Tahiri-Alaoui A,2003,Characterization of 2'-fluoro-RNA aptamers that bind preferentially to disease-associated conformations of prion protein and inhibit conversion,J Biol Chem,10.1074/jbc.M305297200,https://pubmed.ncbi.nlm.nih.gov/12902353/
12954786,Murphy MB,Murphy MB; Fuller ST; Richardson PM; Doyle SA,2003,An improved method for the in vitro evolution of aptamers and applications in protein detection and purification,Nucleic Acids Res,10.1093/nar/gng110,https://pubmed.ncbi.nlm.nih.gov/12954786/
14500841,Pileur F,Pileur F; Andreola ML; Dausse E; Michel J; Moreau S; Yamada H; Gaidamakov SA; Crouch RJ; Toulmé JJ; Cazenave C,2003,Selective inhibitory DNA aptamers of the human RNase H1,Nucleic Acids Res,10.1093/nar/gkg748,https://pubmed.ncbi.nlm.nih.gov/14500841/
14610191,Khati M,Khati M; Schüman M; Ibrahim J; Sattentau Q; Gordon S; James W,2003,Neutralization of infectivity of diverse R5 clinical isolates of human immunodeficiency virus type 1 by gp120-binding 2'F-RNA aptamers,J Virol,10.1128/jvi.77.23.12692-12698.2003,https://pubmed.ncbi.nlm.nih.gov/14610191/
14676325,Daniels DA,Daniels DA; Chen H; Hicke BJ; Swiderek KM; Gold L,2003,A tenascin-C aptamer identified by tumor cell SELEX: systematic evolution of ligands by exponential enrichment,Proc Natl Acad Sci U S A,10.1073/pnas.2136683100,https://pubmed.ncbi.nlm.nih.gov/14676325/
15023071,Hirao I,Hirao I; Harada Y; Nojima T; Osawa Y; Masaki H; Yokoyama S,2004,In vitro selection of RNA aptamers that bind to colicin E3 and structurally resemble the decoding site of 16S ribosomal RNA,Biochemistry,10.1021/bi0356146,https://pubmed.ncbi.nlm.nih.gov/15023071/
15253644,Kirby R,Kirby R; Cho EJ; Gehrke B; Bayer T; Park YS; Neikirk DP; McDevitt JT; Ellington AD,2004,Aptamer-based sensor arrays for the detection and quantitation of proteins,Anal Chem,10.1021/ac049858n,https://pubmed.ncbi.nlm.nih.gov/15253644/
15362896,Mendonsa SD,Mendonsa SD; Bowser MT,2004,In vitro selection of high-affinity DNA ligands for human IgE using capillary electrophoresis,Anal Chem,10.1021/ac049857v,https://pubmed.ncbi.nlm.nih.gov/15362896/
15509871,Schmidt KS,Schmidt KS; Borkowski S; Kurreck J; Stephens AW; Bald R; Hecht M; Friebe M; Dinkelborg L; Erdmann VA,2004,Application of locked nucleic acids to improve aptamer in vivo stability and targeting function,Nucleic Acids Res,10.1093/nar/gkh862,https://pubmed.ncbi.nlm.nih.gov/15509871/
15913532,Misono TS,Misono TS; Kumar PK,2005,Selection of RNA aptamers against human influenza virus hemagglutinin using surface plasmon resonance,Anal Biochem,10.1016/j.ab.2005.04.013,https://pubmed.ncbi.nlm.nih.gov/15913532/
15923374,Dey AK,Dey AK; Griffiths C; Lea SM; James W,2005,Structural characterization of an anti-gp120 RNA aptamer that neutralizes R5 strains of HIV-1,RNA,10.1261/rna.7205405,https://pubmed.ncbi.nlm.nih.gov/15923374/
15984861,Mendonsa SD,Mendonsa SD; Bowser MT,2005,In vitro selection of aptamers with affinity for neuropeptide Y using capillary electrophoresis,J Am Chem Soc,10.1021/ja052406n,https://pubmed.ncbi.nlm.nih.gov/15984861/
16052344,Stoltenburg R,Stoltenburg R; Reinemann C; Strehlitz B,2005,FluMag-SELEX as an advantageous method for DNA aptamer selection,Anal Bioanal Chem,10.1007/s00216-005-3388-9,https://pubmed.ncbi.nlm.nih.gov/16052344/
16194066,Mosing RK,Mosing RK; Mendonsa SD; Bowser MT,2005,Capillary electrophoresis-SELEX selection of aptamers with affinity for HIV-1 reverse transcriptase,Anal Chem,10.1021/ac050836q,https://pubmed.ncbi.nlm.nih.gov/16194066/
16225393,Saito T,Saito T; Tomida M,2005,Generation of inhibitory DNA aptamers against human hepatocyte growth factor,DNA Cell Biol,10.1089/dna.2005.24.624,https://pubmed.ncbi.nlm.nih.gov/16225393/
16397296,DeStefano JJ,DeStefano JJ; Cristofaro JV,2006,Selection of primer-template sequences that bind human immunodeficiency virus reverse transcriptase with high affinity,Nucleic Acids Res,10.1093/nar/gkj426,https://pubmed.ncbi.nlm.nih.gov/16397296/
16448086,Berezovski M,Berezovski M; Musheev M; Drabovich A; Krylov SN,2006,Non-SELEX selection of aptamers,J Am Chem Soc,10.1021/ja056943j,https://pubmed.ncbi.nlm.nih.gov/16448086/
16476969,Gopinath SCB,Gopinath SCB; Misono TS; Kawasaki K; Mizuno T; Imai M; Odagiri T; Kumar PKR,2006,An RNA aptamer that distinguishes between closely related human influenza viruses and inhibits haemagglutinin-mediated membrane fusion,J Gen Virol,10.1099/vir.0.81508-0,https://pubmed.ncbi.nlm.nih.gov/16476969/
16518777,Tang J,Tang J; Xie J; Shao N; Yan Y,2006,The DNA aptamers that specifically recognize ricin toxin are selected by two in vitro selection methods,Electrophoresis,10.1002/elps.200500489,https://pubmed.ncbi.nlm.nih.gov/16518777/
16608332,Connor AC,Connor AC; Frederick KA; Morgan EJ; McGown LB,2006,Insulin capture by an insulin-linked polymorphic region G-quadruplex DNA oligonucleotide,J Am Chem Soc,10.1021/ja056097c,https://pubmed.ncbi.nlm.nih.gov/16608332/
16707660,Gening LV,Gening LV; Klincheva SA; Reshetnjak A; Grollman AP; Miller H,2006,RNA aptamers selected against DNA polymerase beta inhibit the polymerase activities of DNA polymerases beta and kappa,Nucleic Acids Res,10.1093/nar/gkl326,https://pubmed.ncbi.nlm.nih.gov/16707660/
16751591,Gopinath SC,Gopinath SC; Sakamaki Y; Kawasaki K; Kumar PK,2006,An efficient RNA aptamer against human influenza B virus hemagglutinin,J Biochem,10.1093/jb/mvj095,https://pubmed.ncbi.nlm.nih.gov/16751591/
16940097,Jones LA,Jones LA; Clancy LE; Rawlinson WD; White PA,2006,High-affinity aptamers to subtype 3a hepatitis C virus polymerase display genotypic specificity,Antimicrob Agents Chemother,10.1128/AAC.01603-05,https://pubmed.ncbi.nlm.nih.gov/16940097/
17024188,Huang YS,Huang YS; Kan MC; Lin CL; Richter JD,2006,CPEB3 and CPEB4 in neurons: analysis of RNA-binding specificity and translational control of AMPA receptor GluR2 mRNA,EMBO J,10.1038/sj.emboj.7601322,https://pubmed.ncbi.nlm.nih.gov/17024188/
17028752,Mallikaratchy P,Mallikaratchy P; Stahelin RV; Cao Z; Cho W; Tan W,2006,Selection of DNA ligands for protein kinase C-delta,Chem Commun (Camb),10.1039/b604778e,https://pubmed.ncbi.nlm.nih.gov/17028752/
17030508,Gopinath SC,Gopinath SC; Balasundaresan D; Akitomi J; Mizuno H,2006,An RNA aptamer that discriminates bovine factor IX from human factor IX,J Biochem,10.1093/jb/mvj203,https://pubmed.ncbi.nlm.nih.gov/17030508/
17033199,Ferreira CS,Ferreira CS; Matthews CS; Missailidis S,2006,DNA aptamers that bind to MUC1 tumour marker: design and characterization of MUC1-binding single-stranded DNA aptamers,Tumour Biol,10.1159/000096085,https://pubmed.ncbi.nlm.nih.gov/17033199/
17055241,Tang J,Tang J; Yu T; Guo L; Xie J; Shao N; He Z,2007,In vitro selection of DNA aptamer against abrin toxin and aptamer-based abrin direct detection,Biosens Bioelectron,10.1016/j.bios.2006.09.015,https://pubmed.ncbi.nlm.nih.gov/17055241/
17079480,Lee HK,Lee HK; Choi YS; Park YA; Jeong S,2006,Modulation of oncogenic transcription and alternative splicing by beta-catenin and an RNA aptamer in colon cancer cells,Cancer Res,10.1158/0008-5472.CAN-06-2526,https://pubmed.ncbi.nlm.nih.gov/17079480/
17150912,Watanabe T,Watanabe T; Ito K; Matsumoto M; Seya T; Nishikawa S; Hasegawa T; Fukuda K,2006,Isolation of RNA aptamers against human Toll-like receptor 3 ectodomain,Nucleic Acids Symp Ser (Oxf),10.1093/nass/nrl125,https://pubmed.ncbi.nlm.nih.gov/17150912/
17188871,Sando S,Sando S; Ogawa A; Nishi T; Hayami M; Aoyama Y,2007,In vitro selection of RNA aptamer against Escherichia coli release factor 1,Bioorg Med Chem Lett,10.1016/j.bmcl.2006.12.013,https://pubmed.ncbi.nlm.nih.gov/17188871/
17493639,Higashimoto Y,Higashimoto Y; Yamagishi S; Nakamura K; Matsui T; Takeuchi M; Noguchi M; Inoue H,2007,In vitro selection of DNA aptamers that block toxic effects of AGE on cultured retinal pericytes,Microvasc Res,10.1016/j.mvr.2007.04.001,https://pubmed.ncbi.nlm.nih.gov/17493639/
17694298,Ferreira CS,Ferreira CS; Papamichael K; Guilbault G; Schwarzacher T; Gariepy J; Missailidis S,2008,DNA aptamers against the MUC1 tumour marker: design of aptamer-antibody sandwich ELISA for the early diagnosis of epithelial tumours,Anal Bioanal Chem,10.1007/s00216-007-1470-1,https://pubmed.ncbi.nlm.nih.gov/17694298/
17854267,Oney S,Oney S; Nimjee SM; Layzer J; Que-Gewirth N; Ginsburg D; Becker RC; Arepally G; Sullenger BA,2007,Antidote-controlled platelet inhibition targeting von Willebrand factor with aptamers,Oligonucleotides,10.1089/oli.2007.0089,https://pubmed.ncbi.nlm.nih.gov/17854267/
17904852,Lee KH,Lee KH; Jeong S; Yang EG; Park YK; Yu J,2007,An RNA aptamer that recognizes a specific conformation of the protein calsenilin,Bioorg Med Chem,10.1016/j.bmc.2007.09.013,https://pubmed.ncbi.nlm.nih.gov/17904852/
17929944,Huang Z,Huang Z; Pei W; Jayaseelan S; Shi H; Niu L,2007,RNA aptamers selected against the GluR2 glutamate receptor channel,Biochemistry,10.1021/bi701036p,https://pubmed.ncbi.nlm.nih.gov/17929944/
17956125,Cui T,Cui T; Leng F,2007,Specific recognition of AT-rich DNA sequences by the mammalian high mobility group protein AT-hook 2: a SELEX study,Biochemistry,10.1021/bi701269s,https://pubmed.ncbi.nlm.nih.gov/17956125/
18060045,McNamara JO,McNamara JO; Kolonias D; Pastor F; Mittler RS; Chen L; Giangrande PH; Sullenger B; Gilboa E,2008,Multivalent 4-1BB binding aptamers costimulate CD8+ T cells and inhibit tumor growth in mice,J Clin Invest,10.1172/JCI33365,https://pubmed.ncbi.nlm.nih.gov/18060045/
18066708,Bini A,Bini A; Centi S; Tombelli S; Minunni M; Mascini M,2008,Development of an optical RNA-based aptasensor for C-reactive protein,Anal Bioanal Chem,10.1007/s00216-007-1736-7,https://pubmed.ncbi.nlm.nih.gov/18066708/
18082623,Jang KJ,Jang KJ; Lee NR; Yeo WS; Jeong YJ; Kim DE,2008,Isolation of inhibitory RNA aptamers against severe acute respiratory syndrome (SARS) coronavirus NTPase/Helicase,Biochem Biophys Res Commun,10.1016/j.bbrc.2007.12.020,https://pubmed.ncbi.nlm.nih.gov/18082623/
18294846,Kang J,Kang J; Lee MS; Copland JA 3rd; Luxon BA; Gorenstein DG,2008,Combinatorial selection of a single stranded DNA thioaptamer targeting TGF-beta1 protein,Bioorg Med Chem Lett,10.1016/j.bmcl.2008.02.023,https://pubmed.ncbi.nlm.nih.gov/18294846/
18426920,Wurster SE,Wurster SE; Maher LJ 3rd,2008,Selection and characterization of anti-NF-kappaB p65 RNA aptamers,RNA,10.1261/rna.878908,https://pubmed.ncbi.nlm.nih.gov/18426920/
18441054,Miyakawa S,Miyakawa S; Nomura Y; Sakamoto T; Yamaguchi Y; Kato K; Yamazaki S; Nakamura Y,2008,Structural and molecular basis for hyperspecificity of RNA aptamer to human immunoglobulin G,RNA,10.1261/rna.1005808,https://pubmed.ncbi.nlm.nih.gov/18441054/
18635004,Dollins CM,Dollins CM; Nair S; Boczkowski D; Lee J; Layzer JM; Gilboa E; Sullenger BA,2008,Assembling OX40 aptamers on a molecular scaffold to create a receptor-activating aptamer,Chem Biol,10.1016/j.chembiol.2008.05.016,https://pubmed.ncbi.nlm.nih.gov/18635004/
18637731,DeStefano JJ,DeStefano JJ; Nair GR,2008,Novel aptamer inhibitors of human immunodeficiency virus reverse transcriptase,Oligonucleotides,10.1089/oli.2008.0103,https://pubmed.ncbi.nlm.nih.gov/18637731/
18763762,Li M,Li M; Lin N; Huang Z; Du L; Altier C; Fang H; Wang B,2008,Selecting aptamers for a glycoprotein through the incorporation of the boronic acid moiety,J Am Chem Soc,10.1021/ja801510d,https://pubmed.ncbi.nlm.nih.gov/18763762/
18985031,Mi Z,Mi Z; Guo H; Russell MB; Liu Y; Sullenger BA; Kuo PC,2009,RNA aptamer blockade of osteopontin inhibits growth and metastasis of MDA-MB231 breast cancer cells,Mol Ther,10.1038/mt.2008.235,https://pubmed.ncbi.nlm.nih.gov/18985031/
18996899,Michalowski D,Michalowski D; Chitima-Matsiga R; Held DM; Burke DH,2008,Novel bimodular DNA aptamers with guanosine quadruplexes inhibit phylogenetically diverse HIV-1 reverse transcriptases,Nucleic Acids Res,10.1093/nar/gkn891,https://pubmed.ncbi.nlm.nih.gov/18996899/
19025993,Potty AS,Potty AS; Kourentzi K; Fang H; Jackson GW; Zhang X; Legge GB; Willson RC,2009,Biophysical characterization of DNA aptamer interactions with vascular endothelial growth factor,Biopolymers,10.1002/bip.21097,https://pubmed.ncbi.nlm.nih.gov/19025993/
19031435,Shum KT,Shum KT; Tanner JA,2008,Differential inhibitory activities and stabilisation of DNA aptamers against the SARS coronavirus helicase,Chembiochem,10.1002/cbic.200800491,https://pubmed.ncbi.nlm.nih.gov/19031435/
19103663,Ferreira CS,Ferreira CS; Cheung MC; Missailidis S; Bisland S; Gariépy J,2009,Phototoxic aptamers selectively enter and kill epithelial cancer cells,Nucleic Acids Res,10.1093/nar/gkn967,https://pubmed.ncbi.nlm.nih.gov/19103663/
19284310,Blake CM,Blake CM; Sullenger BA; Lawrence DA; Fortenberry YM,2009,Antimetastatic potential of PAI-1-specific RNA aptamers,Oligonucleotides,10.1089/oli.2008.0177,https://pubmed.ncbi.nlm.nih.gov/19284310/
19325843,Gatto B,Gatto B; Vianini E; Lucatello L; Sissi C; Moltrasio D; Pescador R; Porta R; Palumbo M,2008,Effective DNA inhibitors of cathepsin g by in vitro selection,Int J Mol Sci,10.3390/ijms9061008,https://pubmed.ncbi.nlm.nih.gov/19325843/
19684916,Ahn DG,Ahn DG; Jeon IJ; Kim JD; Song MS; Han SR; Lee SW; Jung H; Oh JW,2009,RNA aptamer-based sensitive detection of SARS coronavirus nucleocapsid protein,Analyst,10.1039/b906788d,https://pubmed.ncbi.nlm.nih.gov/19684916/
19749362,Haraguchi Y,Haraguchi Y; Kuwasako K; Muto Y; Bessho Y; Nishimoto M; Yokoyama S; Kanai A; Kawai G; Sakamoto T,2009,Characterization of RNA aptamers against SRP19 protein having sequences different from SRP RNA,Nucleic Acids Symp Ser (Oxf),10.1093/nass/nrp133,https://pubmed.ncbi.nlm.nih.gov/19749362/
19751687,Lin L,Lin L; Fu Q; Williams BA; Azzaz AM; Shogren-Knaak MA; Chaput JC; Lindsay S,2009,Recognition imaging of acetylated chromatin using a DNA aptamer,Biophys J,10.1016/j.bpj.2009.06.045,https://pubmed.ncbi.nlm.nih.gov/19751687/
19946274,Mi J,Mi J; Liu Y; Rabbani ZN; Yang Z; Urban JH; Sullenger BA; Clary BM,2010,In vivo selection of tumor-targeting RNA motifs,Nat Chem Biol,10.1038/nchembio.277,https://pubmed.ncbi.nlm.nih.gov/19946274/
20061133,Huang CJ,Huang CJ; Lin HI; Shiesh SC; Lee GB,2010,Integrated microfluidic system for rapid screening of CRP aptamers utilizing systematic evolution of ligands by exponential enrichment (SELEX),Biosens Bioelectron,10.1016/j.bios.2009.12.029,https://pubmed.ncbi.nlm.nih.gov/20061133/
20110884,Nonaka Y,Nonaka Y; Sode K; Ikebukuro K,2010,Screening and improvement of an anti-VEGF DNA aptamer,Molecules,10.3390/molecules15010215,https://pubmed.ncbi.nlm.nih.gov/20110884/
20335968,Tran DT,Tran DT; Janssen KP; Pollet J; Lammertyn E; Anné J; Van Schepdael A; Lammertyn J,2010,Selection and characterization of DNA aptamers for egg white lysozyme,Molecules,10.3390/molecules15031127,https://pubmed.ncbi.nlm.nih.gov/20335968/
20387790,Madsen JB,Madsen JB; Dupont DM; Andersen TB; Nielsen AF; Sang L; Brix DM; Jensen JK; Broos T; Hendrickx ML; Christensen A; Kjems J; Andreasen PA,2010,RNA aptamers as conformational probes and regulatory agents for plasminogen activator inhibitor-1,Biochemistry,10.1021/bi100066j,https://pubmed.ncbi.nlm.nih.gov/20387790/
20452328,Chang TW,Chang TW; Blank M; Janardhanan P; Singh BR; Mello C; Blind M; Cai S,2010,In vitro selection of RNA aptamers that inhibit the activity of type A botulinum neurotoxin,Biochem Biophys Res Commun,10.1016/j.bbrc.2010.05.006,https://pubmed.ncbi.nlm.nih.gov/20452328/
20564698,Tok J,Tok J; Lai J; Leung T; Li SF,2010,Selection of aptamers for signal transduction proteins by capillary electrophoresis,Electrophoresis,10.1002/elps.200900543,https://pubmed.ncbi.nlm.nih.gov/20564698/
20565241,Jeong S,Jeong S; Han SR; Lee YJ; Kim JH; Lee SW,2010,Identification of RNA aptamer specific to mutant KRAS protein,Oligonucleotides,10.1089/oli.2010.0231,https://pubmed.ncbi.nlm.nih.gov/20565241/
20624933,Balogh Z,Balogh Z; Lautner G; Bardóczy V; Komorowska B; Gyurcsányi RE; Mészáros T,2010,Selection and versatile application of virus-specific aptamers,FASEB J,10.1096/fj.09-144246,https://pubmed.ncbi.nlm.nih.gov/20624933/
20705898,Cho M,Cho M; Xiao Y; Nie J; Stewart R; Csordas AT; Oh SS; Thomson JA; Soh HT,2010,Quantitative selection of DNA aptamers through microfluidic selection and high-throughput sequencing,Proc Natl Acad Sci U S A,10.1073/pnas.1009331107,https://pubmed.ncbi.nlm.nih.gov/20705898/
20962041,Dupont DM,Dupont DM; Madsen JB; Hartmann RK; Tavitian B; Ducongé F; Kjems J; Andreasen PA,2010,Serum-stable RNA aptamers to urokinase-type plasminogen activator blocking receptor binding,RNA,10.1261/rna.2338210,https://pubmed.ncbi.nlm.nih.gov/20962041/
21030439,Mallikaratchy PR,Mallikaratchy PR; Ruggiero A; Gardner JR; Kuryavyi V; Maguire WF; Heaney ML; McDevitt MR; Patel DJ; Scheinberg DA,2011,A multivalent DNA aptamer specific for the B-cell receptor on human lymphoma and leukemia,Nucleic Acids Res,10.1093/nar/gkq996,https://pubmed.ncbi.nlm.nih.gov/21030439/
21204783,Shum KT,Shum KT; Chan C; Leung CM; Tanner JA,2011,Identification of a DNA aptamer that inhibits sclerostin's antagonistic effect on Wnt signalling,Biochem J,10.1042/BJ20101096,https://pubmed.ncbi.nlm.nih.gov/21204783/
21281402,Shigdar S,Shigdar S; Lin J; Yu Y; Pastuovic M; Wei M; Duan W,2011,RNA aptamer against a cancer stem cell marker epithelial cell adhesion molecule,Cancer Sci,10.1111/j.1349-7006.2011.01897.x,https://pubmed.ncbi.nlm.nih.gov/21281402/
21290544,Hu J,Hu J; Wu J; Li C; Zhu L; Zhang WY; Kong G; Lu Z; Yang CJ,2011,A G-quadruplex aptamer inhibits the phosphatase activity of oncogenic protein Shp2 in vitro,Chembiochem,10.1002/cbic.201000470,https://pubmed.ncbi.nlm.nih.gov/21290544/
21381755,Shum KT,Shum KT; Lui EL; Wong SC; Yeung P; Sam L; Wang Y; Watt RM; Tanner JA,2011,Aptamer-mediated inhibition of Mycobacterium tuberculosis polyphosphate kinase 2,Biochemistry,10.1021/bi2001455,https://pubmed.ncbi.nlm.nih.gov/21381755/
21402046,Krylova SM,Krylova SM; Karkhanina AA; Musheev MU; Bagg EA; Schofield CJ; Krylov SN,2011,DNA aptamers for as analytical tools for the quantitative analysis of DNA-dealkylating enzymes,Anal Biochem,10.1016/j.ab.2011.03.010,https://pubmed.ncbi.nlm.nih.gov/21402046/
21524680,Adachi H,Adachi H; Ishiguro A; Hamada M; Sakota E; Asai K; Nakamura Y,2011,Antagonistic RNA aptamer specific to a heterodimeric form of human interleukin-17A/F,Biochimie,10.1016/j.biochi.2011.04.003,https://pubmed.ncbi.nlm.nih.gov/21524680/
21531729,Boltz A,Boltz A; Piater B; Toleikis L; Guenther R; Kolmar H; Hock B,2011,Bi-specific aptamers mediating tumor cell lysis,J Biol Chem,10.1074/jbc.M111.238261,https://pubmed.ncbi.nlm.nih.gov/21531729/
21565620,Toscano-Garibay JD,Toscano-Garibay JD; Benítez-Hess ML; Alvarez-Salas LM,2011,Isolation and characterization of an RNA aptamer for the HPV-16 E7 oncoprotein,Arch Med Res,10.1016/j.arcmed.2011.02.005,https://pubmed.ncbi.nlm.nih.gov/21565620/
21687663,Li N,Li N; Nguyen HH; Byrom M; Ellington AD,2011,Inhibition of cell proliferation by an anti-EGFR aptamer,PLoS One,10.1371/journal.pone.0020299,https://pubmed.ncbi.nlm.nih.gov/21687663/
21749294,Kim MY,Kim MY; Jeong S,2011,In vitro selection of RNA aptamer and specific targeting of ErbB2 in breast cancer cells,Nucleic Acid Ther,10.1089/nat.2011.0283,https://pubmed.ncbi.nlm.nih.gov/21749294/
21826311,Fu R,Fu R; Jeon K; Jung C; Park HG,2011,An ultrasensitive peroxidase DNAzyme-associated aptasensor that utilizes a target-triggered enzymatic signal amplification strategy,Chem Commun (Camb),10.1039/c1cc13122b,https://pubmed.ncbi.nlm.nih.gov/21826311/
21839787,Mehta J,Mehta J; Van Dorst B; Rouah-Martin E; Herrebout W; Scippo ML; Blust R; Robbens J,2011,In vitro selection and characterization of DNA aptamers recognizing chloramphenicol,J Biotechnol,10.1016/j.jbiotec.2011.06.043,https://pubmed.ncbi.nlm.nih.gov/21839787/
21868696,Haberland A,Haberland A; Wallukat G; Dahmen C; Kage A; Schimke I,2011,Aptamer neutralization of beta1-adrenoceptor autoantibodies isolated from patients with cardiomyopathies,Circ Res,10.1161/CIRCRESAHA.111.253849,https://pubmed.ncbi.nlm.nih.gov/21868696/
21915281,Esposito CL,Esposito CL; Passaro D; Longobardo I; Condorelli G; Marotta P; Affuso A; de Franciscis V; Cerchia L,2011,A neutralizing RNA aptamer against EGFR causes selective apoptotic cell death,PLoS One,10.1371/journal.pone.0024071,https://pubmed.ncbi.nlm.nih.gov/21915281/
21920814,Cho SJ,Cho SJ; Woo HM; Kim KS; Oh JW; Jeong YJ,2011,Novel system for detecting SARS coronavirus nucleocapsid protein using an ssDNA aptamer,J Biosci Bioeng,10.1016/j.jbiosc.2011.08.014,https://pubmed.ncbi.nlm.nih.gov/21920814/
22021204,Yu H,Yu H; Jiang B; Chaput JC,2011,Aptamers can discriminate alkaline proteins with high specificity,Chembiochem,10.1002/cbic.201100252,https://pubmed.ncbi.nlm.nih.gov/22021204/
22103644,Zhang WY,Zhang WY; Zhang W; Liu Z; Li C; Zhu Z; Yang CJ,2012,Highly parallel single-molecule amplification approach based on agarose droplet polymerase chain reaction for efficient and cost-effective aptamer selection,Anal Chem,10.1021/ac2026942,https://pubmed.ncbi.nlm.nih.gov/22103644/
22127865,Hwang SY,Hwang SY; Sun HY; Lee KH; Oh BH; Cha YJ; Kim BH; Yoo JY,2012,5'-Triphosphate-RNA-independent activation of RIG-I via RNA aptamer with enhanced antiviral activity,Nucleic Acids Res,10.1093/nar/gkr1098,https://pubmed.ncbi.nlm.nih.gov/22127865/
22143382,Park JW,Park JW; Tatavarty R; Kim DW; Jung HT; Gu MB,2012,Immobilization-free screening of aptamers assisted by graphene oxide,Chem Commun (Camb),10.1039/c2cc16473f,https://pubmed.ncbi.nlm.nih.gov/22143382/
22217604,Zou M,Zou M; Chen Y; Xu X; Huang H; Liu F; Li N,2012,The homogeneous fluorescence anisotropic sensing of salivary lysozyme using the 6-carboxyfluorescein-labeled DNA aptamer,Biosens Bioelectron,10.1016/j.bios.2011.11.052,https://pubmed.ncbi.nlm.nih.gov/22217604/
22258147,Meyer C,Meyer C; Eydeler K; Magbanua E; Zivkovic T; Piganeau N; Lorenzen I; Grötzinger J; Mayer G; Rose-John S; Hahn U,2012,Interleukin-6 receptor specific RNA aptamers for cargo delivery into target cells,RNA Biol,10.4161/rna.9.1.18062,https://pubmed.ncbi.nlm.nih.gov/22258147/
22359573,Kaur H,Kaur H; Yung LY,2012,Probing high affinity sequences of DNA aptamer against VEGF165,PLoS One,10.1371/journal.pone.0031196,https://pubmed.ncbi.nlm.nih.gov/22359573/
22416028,Ruigrok VJ,Ruigrok VJ; van Duijn E; Barendregt A; Dyer K; Tainer JA; Stoltenburg R; Strehlitz B; Levisson M; Smidt H; van der Oost J,2012,Kinetic and stoichiometric characterisation of streptavidin-binding aptamers,Chembiochem,10.1002/cbic.201100774,https://pubmed.ncbi.nlm.nih.gov/22416028/
22426482,Mori Y,Mori Y; Nakamura Y; Ohuchi S,2012,Inhibitory RNA aptamer against SP6 RNA polymerase,Biochem Biophys Res Commun,10.1016/j.bbrc.2012.03.014,https://pubmed.ncbi.nlm.nih.gov/22426482/
22434135,Berezhnoy A,Berezhnoy A; Stewart CA; Mcnamara JO 2nd; Thiel W; Giangrande P; Trinchieri G; Gilboa E,2012,Isolation and optimization of murine IL-10 receptor blocking oligonucleotide aptamers using high-throughput sequencing,Mol Ther,10.1038/mt.2012.18,https://pubmed.ncbi.nlm.nih.gov/22434135/
22459583,Lee S,Lee S; Song KM; Jeon W; Jo H; Shim YB; Ban C,2012,A highly sensitive aptasensor towards Plasmodium lactate dehydrogenase for the diagnosis of malaria,Biosens Bioelectron,10.1016/j.bios.2012.03.003,https://pubmed.ncbi.nlm.nih.gov/22459583/
22465431,Lee YJ,Lee YJ; Han SR; Kim NY; Lee SH; Jeong JS; Lee SW,2012,An RNA aptamer that binds carcinoembryonic antigen inhibits hepatic metastasis of colon cancer cells in mice,Gastroenterology,10.1053/j.gastro.2012.03.039,https://pubmed.ncbi.nlm.nih.gov/22465431/
22484812,Ray P,Ray P; Rialon-Guevara KL; Veras E; Sullenger BA; White RR,2012,Comparing human pancreatic cell secretomes by in vitro aptamer selection identifies cyclophilin B as a candidate pancreatic cancer biomarker,J Clin Invest,10.1172/JCI62385,https://pubmed.ncbi.nlm.nih.gov/22484812/
22529997,Nadal P,Nadal P; Pinto A; Svobodova M; Canela N; O'Sullivan CK,2012,DNA aptamers against the Lup an 1 food allergen,PLoS One,10.1371/journal.pone.0035253,https://pubmed.ncbi.nlm.nih.gov/22529997/
22554064,Lai YT,Lai YT; DeStefano JJ,2012,DNA aptamers to human immunodeficiency virus reverse transcriptase selected by a primer-free SELEX method: characterization and comparison with other aptamers,Nucleic Acid Ther,10.1089/nat.2011.0327,https://pubmed.ncbi.nlm.nih.gov/22554064/
22624874,Gong Q,Gong Q; Wang J; Ahmad KM; Csordas AT; Zhou J; Nie J; Stewart R; Thomson JA; Rossi JJ; Soh HT,2012,Selection strategy to generate aptamer pairs that bind to distinct sites on protein targets,Anal Chem,10.1021/ac300873p,https://pubmed.ncbi.nlm.nih.gov/22624874/
22697251,Tsukakoshi K,Tsukakoshi K; Abe K; Sode K; Ikebukuro K,2012,Selection of DNA aptamers that recognize α-synuclein oligomers using a competitive screening method,Anal Chem,10.1021/ac300330g,https://pubmed.ncbi.nlm.nih.gov/22697251/
22719856,Simmons SC,Simmons SC; McKenzie EA; Harris LK; Aplin JD; Brenchley PE; Velasco-Garcia MN; Missailidis S,2012,Development of novel single-stranded nucleic acid aptamers against the pro-angiogenic and metastatic enzyme heparanase (HPSE1),PLoS One,10.1371/journal.pone.0037938,https://pubmed.ncbi.nlm.nih.gov/22719856/
22727813,Tesmer VM,Tesmer VM; Lennarz S; Mayer G; Tesmer JJ,2012,Molecular mechanism for inhibition of g protein-coupled receptor kinase 2 by a selective RNA aptamer,Structure,10.1016/j.str.2012.05.002,https://pubmed.ncbi.nlm.nih.gov/22727813/
22752556,Huang YZ,Huang YZ; Hernandez FJ; Gu B; Stockdale KR; Nanapaneni K; Scheetz TE; Behlke MA; Peek AS; Bair T; Giangrande PH; McNamara JO 2nd,2012,"RNA aptamer-based functional ligands of the neurotrophin receptor, TrkB",Mol Pharmacol,10.1124/mol.112.078220,https://pubmed.ncbi.nlm.nih.gov/22752556/
22860007,Lauridsen LH,Lauridsen LH; Shamaileh HA; Edwards SL; Taran E; Veedu RN,2012,Rapid one-step selection method for generating nucleic acid aptamers: development of a DNA aptamer against α-bungarotoxin,PLoS One,10.1371/journal.pone.0041702,https://pubmed.ncbi.nlm.nih.gov/22860007/
22910292,Cerchia L,Cerchia L; Esposito CL; Camorani S; Rienzo A; Stasio L; Insabato L; Affuso A; de Franciscis V,2012,Targeting Axl with an high-affinity inhibitory aptamer,Mol Ther,10.1038/mt.2012.163,https://pubmed.ncbi.nlm.nih.gov/22910292/
22946879,Zhai L,Zhai L; Wang T; Kang K; Zhao Y; Shrotriya P; Nilsen-Hamilton M,2012,"An RNA aptamer-based microcantilever sensor to detect the inflammatory marker, mouse lipocalin-2",Anal Chem,10.1021/ac3020643,https://pubmed.ncbi.nlm.nih.gov/22946879/
22954361,Zhu L,Zhu L; Li C; Zhu Z; Liu D; Zou Y; Wang C; Fu H; Yang CJ,2012,In vitro selection of highly efficient G-quadruplex-based DNAzymes,Anal Chem,10.1021/ac301899h,https://pubmed.ncbi.nlm.nih.gov/22954361/
22965726,Ashley J,Ashley J; Ji K; Li SF,2012,Selection of bovine catalase aptamers using non-SELEX,Electrophoresis,10.1002/elps.201200032,https://pubmed.ncbi.nlm.nih.gov/22965726/
23029506,Wu J,Wu J; Wang C; Li X; Song Y; Wang W; Li C; Hu J; Zhu Z; Li J; Zhang W; Lu Z; Yang CJ,2012,"Identification, characterization and application of a G-quadruplex structured DNA aptamer against cancer biomarker protein anterior gradient homolog 2",PLoS One,10.1371/journal.pone.0046393,https://pubmed.ncbi.nlm.nih.gov/23029506/
23043415,Da Rocha Gomes S,Da Rocha Gomes S; Miguel J; Azéma L; Eimer S; Ries C; Dausse E; Loiseau H; Allard M; Toulmé JJ,2012,(99m)Tc-MAG3-aptamer for imaging human tumors associated with high level of matrix metalloprotease-9,Bioconjug Chem,10.1021/bc300146c,https://pubmed.ncbi.nlm.nih.gov/23043415/
23046187,Orava EW,Orava EW; Jarvik N; Shek YL; Sidhu SS; Gariépy J,2013,A short DNA aptamer that recognizes TNFα and blocks its activity in vitro,ACS Chem Biol,10.1021/cb3003557,https://pubmed.ncbi.nlm.nih.gov/23046187/
23077124,Wongphatcharachai M,Wongphatcharachai M; Wang P; Enomoto S; Webby RJ; Gramer MR; Amonsin A; Sreevatsan S,2013,Neutralizing DNA aptamers against swine influenza H3N2 viruses,J Clin Microbiol,10.1128/JCM.02118-12,https://pubmed.ncbi.nlm.nih.gov/23077124/
23196060,Shigdar S,Shigdar S; Qiao L; Zhou SF; Xiang D; Wang T; Li Y; Lim LY; Kong L; Li L; Duan W,2013,RNA aptamers targeting cancer stem cell marker CD133,Cancer Lett,10.1016/j.canlet.2012.11.032,https://pubmed.ncbi.nlm.nih.gov/23196060/
23232067,Ashley J,Ashley J; Li SF,2013,Three-dimensional selection of leptin aptamers using capillary electrophoresis and implications for clone validation,Anal Biochem,10.1016/j.ab.2012.11.024,https://pubmed.ncbi.nlm.nih.gov/23232067/
23237717,Nonaka Y,Nonaka Y; Yoshida W; Abe K; Ferri S; Schulze H; Bachmann TT; Ikebukuro K,2013,Affinity improvement of a VEGF aptamer by in silico maturation for a sensitive VEGF-detection system,Anal Chem,10.1021/ac303023d,https://pubmed.ncbi.nlm.nih.gov/23237717/
23467613,Dua P,Dua P; Kang HS; Hong SM; Tsao MS; Kim S; Lee DK,2013,Alkaline phosphatase ALPPL-2 is a novel pancreatic carcinoma-associated protein,Cancer Res,10.1158/0008-5472.CAN-12-3682,https://pubmed.ncbi.nlm.nih.gov/23467613/
23511245,Lee YJ,Lee YJ; Kim IS; Park SA; Kim Y; Lee JE; Noh DY; Kim KT; Ryu SH; Suh PG,2013,Periostin-binding DNA aptamer inhibits breast cancer growth and metastasis,Mol Ther,10.1038/mt.2013.30,https://pubmed.ncbi.nlm.nih.gov/23511245/
23676911,Han SR,Han SR; Lee SW,2013,In vitro selection of RNA aptamer specific to Salmonella typhimurium,J Microbiol Biotechnol,10.4014/jmb.1212.12033,https://pubmed.ncbi.nlm.nih.gov/23676911/
23967247,Meyer S,Meyer S; Maufort JP; Nie J; Stewart R; McIntosh BE; Conti LR; Ahmad KM; Soh HT; Thomson JA,2013,Development of an efficient targeted cell-SELEX procedure for DNA aptamer reagents,PLoS One,10.1371/journal.pone.0071798,https://pubmed.ncbi.nlm.nih.gov/23967247/
24055449,Woo HM,Woo HM; Kim KS; Lee JM; Shim HS; Cho SJ; Lee WK; Ko HW; Keum YS; Kim SY; Pathinayake P; Kim CJ; Jeong YJ,2013,Single-stranded DNA aptamer that specifically binds to the influenza virus NS1 protein suppresses interferon antagonism,Antiviral Res,10.1016/j.antiviral.2013.09.004,https://pubmed.ncbi.nlm.nih.gov/24055449/
24067086,Binning JM,Binning JM; Wang T; Luthra P; Shabman RS; Borek DM; Liu G; Xu W; Leung DW; Basler CF; Amarasinghe GK,2013,Development of RNA aptamers targeting Ebola virus VP35,Biochemistry,10.1021/bi400704d,https://pubmed.ncbi.nlm.nih.gov/24067086/
24486485,Liang HR,Liang HR; Hu GQ; Xue XH; Li L; Zheng XX; Gao YW; Yang ST; Xia XZ,2014,Selection of an aptamer against rabies virus: a new class of molecules with antiviral activity,Virus Res,10.1016/j.virusres.2014.01.021,https://pubmed.ncbi.nlm.nih.gov/24486485/
24502317,Amaya-González S,Amaya-González S; de-Los-Santos-Álvarez N; Miranda-Ordieres AJ; Lobo-Castañón MJ,2014,Aptamer binding to celiac disease-triggering hydrophobic proteins: a sensitive gluten detection approach,Anal Chem,10.1021/ac404151n,https://pubmed.ncbi.nlm.nih.gov/24502317/
24588102,Xu D,Xu D; Chatakonda VK; Kourtidis A; Conklin DS; Shi H,2014,In search of novel drug target sites on estrogen receptors using RNA aptamers,Nucleic Acid Ther,10.1089/nat.2013.0474,https://pubmed.ncbi.nlm.nih.gov/24588102/
24644057,Wang J,Wang J; Gong Q; Maheshwari N; Eisenstein M; Arcila ML; Kosik KS; Soh HT,2014,Particle display: a quantitative screening method for generating high-affinity aptamers,Angew Chem Int Ed Engl,10.1002/anie.201309334,https://pubmed.ncbi.nlm.nih.gov/24644057/
24675636,Meng HW,Meng HW; Pagano JM; White BS; Toyoda Y; Min IM; Craighead HG; Shalloway D; Lis JT; Xiao K; Jin MM,2014,Discovering aptamers by cell-SELEX against human soluble growth factors ectopically expressed on yeast cell surface,PLoS One,10.1371/journal.pone.0093052,https://pubmed.ncbi.nlm.nih.gov/24675636/
24682699,Barfod A,Barfod A; Singh B; Johanson U; Riesbeck K; Kjellbom P,2014,In vitro selection of RNA aptamers directed against protein E: a Haemophilus influenzae adhesin,Mol Biotechnol,10.1007/s12033-014-9749-x,https://pubmed.ncbi.nlm.nih.gov/24682699/
24849390,Cao B,Cao B; Hu Y; Duan J; Ma J; Xu D; Yang XD,2014,Selection of a novel DNA aptamer for assay of intracellular interferon-gamma,PLoS One,10.1371/journal.pone.0098214,https://pubmed.ncbi.nlm.nih.gov/24849390/
24968026,Walters RD,Walters RD; McSwiggen DT; Goodrich JA; Kugel JF,2014,Selection and characterization of a DNA aptamer that can discriminate between cJun/cJun and cJun/cFos,PLoS One,10.1371/journal.pone.0101015,https://pubmed.ncbi.nlm.nih.gov/24968026/
25266702,Kim JW,Kim JW; Kim EY; Kim SY; Byun SK; Lee D; Oh KJ; Kim WK; Han BS; Chi SW; Lee SC; Bae KH,2014,Identification of DNA aptamers toward epithelial cell adhesion molecule via cell-SELEX,Mol Cells,10.14348/molcells.2014.0208,https://pubmed.ncbi.nlm.nih.gov/25266702/
25866800,Hu WP,Hu WP; Kumar JV; Huang CJ; Chen WY,2015,Computational selection of RNA aptamer against angiopoietin-2 and experimental evaluation,Biomed Res Int,10.1155/2015/658712,https://pubmed.ncbi.nlm.nih.gov/25866800/
26007661,Levay A,Levay A; Brenneman R; Hoinka J; Sant D; Cardone M; Trinchieri G; Przytycka TM; Berezhnoy A,2015,Identifying high-affinity aptamer ligands with defined cross-reactivity using high-throughput guided systematic evolution of ligands by exponential enrichment,Nucleic Acids Res,10.1093/nar/gkv534,https://pubmed.ncbi.nlm.nih.gov/26007661/
26458993,An Y,An Y; Wu J; Yang B; Zhu Z; Gao M; Yu C; Yang CJ,2015,Selection and Application of DNA Aptamer Against Oncogene Amplified in Breast Cancer 1,J Mol Evol,10.1007/s00239-015-9703-y,https://pubmed.ncbi.nlm.nih.gov/26458993/
26797251,Li J,Li J; Chang KW; Wang CH; Yang CH; Shiesh SC; Lee GB,2016,"On-chip, aptamer-based sandwich assay for detection of glycated hemoglobins via magnetic beads",Biosens Bioelectron,10.1016/j.bios.2016.01.029,https://pubmed.ncbi.nlm.nih.gov/26797251/
27084987,Apiwat C,Apiwat C; Luksirikul P; Kankla P; Pongprayoon P; Treerattrakoon K; Paiboonsukwong K; Fucharoen S; Dharakul T; Japrung D,2016,Graphene based aptasensor for glycated albumin in diabetes mellitus diagnosis and monitoring,Biosens Bioelectron,10.1016/j.bios.2016.04.015,https://pubmed.ncbi.nlm.nih.gov/27084987/
27387284,Kimoto M,Kimoto M; Nakamura M; Hirao I,2016,Post-ExSELEX stabilization of an unnatural-base DNA aptamer targeting VEGF165 toward pharmaceutical applications,Nucleic Acids Res,10.1093/nar/gkw619,https://pubmed.ncbi.nlm.nih.gov/27387284/
27545084,Kakoti A,Kakoti A; Goswami P,2017,Multifaceted analyses of the interactions between human heart type fatty acid binding protein and its specific aptamers,Biochim Biophys Acta Gen Subj,10.1016/j.bbagen.2016.08.011,https://pubmed.ncbi.nlm.nih.gov/27545084/
27879754,Hasegawa H,Hasegawa H; Taira KI; Sode K; Ikebukuro K,2008,Improvement of Aptamer Affinity by Dimerization,Sensors (Basel),10.3390/s8021090,https://pubmed.ncbi.nlm.nih.gov/27879754/
28367958,Tsao SM,Tsao SM; Lai JC; Horng HE; Liu TC; Hong CY,2017,Generation of Aptamers from A Primer-Free Randomized ssDNA Library Using Magnetic-Assisted Rapid Aptamer Selection,Sci Rep,10.1038/srep45478,https://pubmed.ncbi.nlm.nih.gov/28367958/
28627727,Yokoyama T,Yokoyama T; Tsukakoshi K; Yoshida W; Saito T; Teramoto K; Savory N; Abe K; Ikebukuro K,2017,Development of HGF-binding aptamers with the combination of G4 promoter-derived aptamer selection and in silico maturation,Biotechnol Bioeng,10.1002/bit.26354,https://pubmed.ncbi.nlm.nih.gov/28627727/
28775305,Wang G,Wang G; Liu J; Chen K; Xu Y; Liu B; Liao J; Zhu L; Hu X; Li J; Pu Y; Zhong W; Fu T; Liu H; Tan W,2017,Selection and characterization of DNA aptamer against glucagon receptor by cell-SELEX,Sci Rep,10.1038/s41598-017-05840-w,https://pubmed.ncbi.nlm.nih.gov/28775305/
29039727,Purvis SH,Purvis SH; Keefer JR; Fortenberry YM; Barron-Casella EA; Casella JF,2017,Identification of Aptamers That Bind to Sickle Hemoglobin and Inhibit Its Polymerization,Nucleic Acid Ther,10.1089/nat.2016.0646,https://pubmed.ncbi.nlm.nih.gov/29039727/
29518962,Tucker WO,Tucker WO; Kinghorn AB; Fraser LA; Cheung YW; Tanner JA,2018,Selection and Characterization of a DNA Aptamer Specifically Targeting Human HECT Ubiquitin Ligase WWP1,Int J Mol Sci,10.3390/ijms19030763,https://pubmed.ncbi.nlm.nih.gov/29518962/
29568464,Liu Z,Liu Z; Chen T; Romesberg FE,2017,Evolved polymerases facilitate selection of fully 2'-OMe-modified aptamers,Chem Sci,10.1039/c7sc03747c,https://pubmed.ncbi.nlm.nih.gov/29568464/
29707631,Coyne J,Coyne J; Davis B; Kauffman D; Zhao N; Wang Y,2017,Polymer Microneedle Mediated Local Aptamer Delivery for Blocking the Function of Vascular Endothelial Growth Factor,ACS Biomater Sci Eng,10.1021/acsbiomaterials.7b00718,https://pubmed.ncbi.nlm.nih.gov/29707631/
29972299,Espiritu CAL,Espiritu CAL; Justo CAC; Rubio MJ; Svobodova M; Bashammakh AS; Alyoubi AO; Rivera WL; Rollon AP; O'Sullivan CK,2018,Aptamer Selection against a Trichomonas vaginalis Adhesion Protein for Diagnostic Applications,ACS Infect Dis,10.1021/acsinfecdis.8b00065,https://pubmed.ncbi.nlm.nih.gov/29972299/
30120364,Shubham S,Shubham S; Hoinka J; Banerjee S; Swanson E; Dillard JA; Lennemann NJ; Przytycka TM; Maury W; Nilsen-Hamilton M,2018,A 2'FY-RNA Motif Defines an Aptamer for Ebolavirus Secreted Protein,Sci Rep,10.1038/s41598-018-30590-8,https://pubmed.ncbi.nlm.nih.gov/30120364/
30787284,Liang S,Liang S; Kinghorn AB; Voliotis M; Prague JK; Veldhuis JD; Tsaneva-Atanasova K; McArdle CA; Li RHW; Cass AEG; Dhillo WS; Tanner JA,2019,Measuring luteinising hormone pulsatility with a robotic aptamer-enabled electrochemical reader,Nat Commun,10.1038/s41467-019-08799-6,https://pubmed.ncbi.nlm.nih.gov/30787284/
30900869,Nazari M,Nazari M; Gargari SLM; Sahebghadam Lotfi A; Rassaee MJ; Taheri RA,2019,Aptamer-Based Sandwich Assay for Measurement of Thymidine Kinase 1 in Serum of Cancerous Patients,Biochemistry,10.1021/acs.biochem.8b01284,https://pubmed.ncbi.nlm.nih.gov/30900869/
31196363,Kwon J,Kwon J; Narayan C; Kim C; Han MJ; Kim M; Jang SK,2019,Development of a Subtype-Specific Diagnostic System for Influenza Virus H3N2 Using a Novel Virus-Based Systematic Evolution of Ligands by Exponential Enrichment (Viro-SELEX),J Biomed Nanotechnol,10.1166/jbn.2019.2789,https://pubmed.ncbi.nlm.nih.gov/31196363/
31347355,Huang M,Huang M; Song J; Huang P; Chen X; Wang W; Zhu Z; Song Y; Yang C,2019,Molecular Crowding Evolution for Enabling Discovery of Enthalpy-Driven Aptamers for Robust Biomedical Applications,Anal Chem,10.1021/acs.analchem.9b02697,https://pubmed.ncbi.nlm.nih.gov/31347355/
31513457,Liang ZM,Liang ZM; Peng YH; Chen Y; Long LL; Luo HJ; Chen YJ; Liang YL; Tian YH; Li SJ; Shi YS; Zhang XM,2019,The BACE1-Specific DNA Aptamer A1 Rescues Amyloid-β Pathology and Behavioral Deficits in a Mouse Model of Alzheimer's Disease,Nucleic Acid Ther,10.1089/nat.2019.0812,https://pubmed.ncbi.nlm.nih.gov/31513457/
31580650,Qiao N,Qiao N; Li J; Wu X; Diao D; Zhao J; Li J; Ren X; Ding X; Shangguan D; Lou X,2019,Speeding up in Vitro Discovery of Structure-Switching Aptamers via Magnetic Cross-Linking Precipitation,Anal Chem,10.1021/acs.analchem.9b00081,https://pubmed.ncbi.nlm.nih.gov/31580650/
31961667,Shao Q,Shao Q; Chen T; Sheng K; Liu Z; Zhang Z; Romesberg FE,2020,Selection of Aptamers with Large Hydrophobic 2'-Substituents,J Am Chem Soc,10.1021/jacs.9b10538,https://pubmed.ncbi.nlm.nih.gov/31961667/
32155319,Liu M,Liu M; Wang J; Chang Y; Zhang Q; Chang D; Hui CY; Brennan JD; Li Y,2020,In Vitro Selection of a DNA Aptamer Targeting Degraded Protein Fragments for Biosensing,Angew Chem Int Ed Engl,10.1002/anie.202000025,https://pubmed.ncbi.nlm.nih.gov/32155319/
32234785,Bell DR,Bell DR; Weber JK; Yin W; Huynh T; Duan W; Zhou R,2020,In silico design and validation of high-affinity RNA aptamers targeting epithelial cellular adhesion molecule dimers,Proc Natl Acad Sci U S A,10.1073/pnas.1913242117,https://pubmed.ncbi.nlm.nih.gov/32234785/
32250595,Liu Y,Liu Y; Le C; Tyrrell DL; Le XC; Li XF,2020,Aptamer Binding Assay for the E Antigen of Hepatitis B Using Modified Aptamers with G-Quadruplex Structures,Anal Chem,10.1021/acs.analchem.9b05740,https://pubmed.ncbi.nlm.nih.gov/32250595/
32294882,Minagawa H,Minagawa H; Kataoka Y; Fujita H; Kuwahara M; Horii K; Shiratori I; Waga I,2020,Modified DNA Aptamers for C-Reactive Protein and Lactate Dehydrogenase-5 with Sub-Nanomolar Affinities,Int J Mol Sci,10.3390/ijms21082683,https://pubmed.ncbi.nlm.nih.gov/32294882/
32379519,Pęcak A,Pęcak A; Skalniak Ł; Pels K; Książek M; Madej M; Krzemień D; Malicki S; Władyka B; Dubin A; Holak TA; Dubin G,2020,Anti-CD44 DNA Aptamers Selectively Target Cancer Cells,Nucleic Acid Ther,10.1089/nat.2019.0833,https://pubmed.ncbi.nlm.nih.gov/32379519/
32415571,Sattari R,Sattari R; Palizban A; Khanahmad H,2020,Single-Strand DNA-Like Oligonucleotide Aptamer Against Proprotein Convertase Subtilisin/Kexin 9 Using CE-SELEX: PCSK9 Targeting Selection,Cardiovasc Drugs Ther,10.1007/s10557-020-06986-y,https://pubmed.ncbi.nlm.nih.gov/32415571/
32429721,Khedri M,Khedri M; Abnous K; Rafatpanah H; Nabavinia MS; Taghdisi SM; Ramezani M,2020,Development and Evaluation of Novel Aptamers Specific for Human PD1 Using Hybrid Systematic Evolution of Ligands by Exponential Enrichment Approach,Immunol Invest,10.1080/08820139.2020.1744639,https://pubmed.ncbi.nlm.nih.gov/32429721/
32456943,Eissa S,Eissa S; Alkhaldi S; Chinnappan R; Siddiqua A; Abduljabbar M; Abdel Rahman AM; Dasouki M; Zourob M,2020,"Selection, characterization, and electrochemical biosensing application of DNA aptamers for sepiapterin",Talanta,10.1016/j.talanta.2020.120951,https://pubmed.ncbi.nlm.nih.gov/32456943/
32551560,Song Y,Song Y; Song J; Wei X; Huang M; Sun M; Zhu L; Lin B; Shen H; Zhu Z; Yang C,2020,Discovery of Aptamers Targeting the Receptor-Binding Domain of the SARS-CoV-2 Spike Glycoprotein,Anal Chem,10.1021/acs.analchem.0c01394,https://pubmed.ncbi.nlm.nih.gov/32551560/
32561948,Liu C,Liu C; Lu C; Shi G,2020,"Selection, identification, and application of DNA aptamers against bovine pregnancy-associated glycoproteins 4",Anal Bioanal Chem,10.1007/s00216-020-02666-w,https://pubmed.ncbi.nlm.nih.gov/32561948/
32631049,Ma Y,Ma Y; Li W; Xing R; Li P; Liu Z,2020,Epitope-Imprinted Magnetic Nanoparticles as a General Platform for Efficient In Vitro Evolution of Protein-Binding Aptamers,ACS Sens,10.1021/acssensors.0c00846,https://pubmed.ncbi.nlm.nih.gov/32631049/
32631977,Cheung YW,Cheung YW; Röthlisberger P; Mechaly AE; Weber P; Levi-Acobas F; Lo Y; Wong AWC; Kinghorn AB; Haouz A; Savage GP; Hollenstein M; Tanner JA,2020,Evolution of abiotic cubane chemistries in a nucleic acid aptamer allows selective recognition of a malaria biomarker,Proc Natl Acad Sci U S A,10.1073/pnas.2003267117,https://pubmed.ncbi.nlm.nih.gov/32631977/
32881630,Tezuka-Kagajo M,Tezuka-Kagajo M; Maekawa M; Ogawa A; Hatta Y; Ishii E; Eguchi M; Higashiyama S,2020,Development of Human CBF1-Targeting Single-Stranded DNA Aptamers with Antiangiogenic Activity In Vitro,Nucleic Acid Ther,10.1089/nat.2020.0875,https://pubmed.ncbi.nlm.nih.gov/32881630/
33021630,Mao Y,Mao Y; Gu J; Chang D; Wang L; Yao L; Ma Q; Luo Z; Qu H; Li Y; Zheng L,2020,Evolution of a highly functional circular DNA aptamer in serum,Nucleic Acids Res,10.1093/nar/gkaa800,https://pubmed.ncbi.nlm.nih.gov/33021630/
33039563,Morihiro K,Morihiro K; Hasegawa O; Kasahara Y; Mori S; Kasai T; Kuwahara M; Obika S,2021,Azobenzene-modified DNA aptamers evolved by capillary electrophoresis (CE)-SELEX method,Bioorg Med Chem Lett,10.1016/j.bmcl.2020.127607,https://pubmed.ncbi.nlm.nih.gov/33039563/
33063508,Taneja V,Taneja V; Goel M; Shankar U; Kumar A; Khilnani GC; Prasad HK; Prasad GBKS; Gupta UD; Sharma TK,2020,"An Aptamer Linked Immobilized Sorbent Assay (ALISA) to Detect Circulatory IFN-α, an Inflammatory Protein among Tuberculosis Patients",ACS Comb Sci,10.1021/acscombsci.0c00108,https://pubmed.ncbi.nlm.nih.gov/33063508/
33080969,Park JY,Park JY; Chae JR; Cho YL; Kim Y; Lee D; Lee JK; Kang WJ,2020,Targeted Therapy of Hepatocellular Carcinoma Using Gemcitabine-Incorporated GPC3 Aptamer,Pharmaceutics,10.3390/pharmaceutics12100985,https://pubmed.ncbi.nlm.nih.gov/33080969/
33095511,Ratanabunyong S,Ratanabunyong S; Aeksiri N; Yanaka S; Yagi-Utsumi M; Kato K; Choowongkomon K; Hannongbua S,2021,Characterization of New DNA Aptamers for Anti-HIV-1 Reverse Transcriptase,Chembiochem,10.1002/cbic.202000633,https://pubmed.ncbi.nlm.nih.gov/33095511/
33146506,Yang L,Yang L; Gao T; Li W; Luo Y; Ullah S; Fang X; Cao Y; Pei R,2020,Ni-Nitrilotriacetic Acid Affinity SELEX Method for Selection of DNA Aptamers Specific to the N-Cadherin Protein,ACS Comb Sci,10.1021/acscombsci.0c00165,https://pubmed.ncbi.nlm.nih.gov/33146506/
33161980,Prabu SS,Prabu SS; Ch'ng ES; Woon PY; Chen JH; Tang TH; Citartan M,2020,Unravelling the diagnostic and therapeutic potentialities of a novel RNA aptamer isolated against human pituitary tumour transforming gene 1 (PTTG1) protein,Anal Chim Acta,10.1016/j.aca.2020.09.038,https://pubmed.ncbi.nlm.nih.gov/33161980/
33174555,Gao T ,Gao T ; Ding P ; Li W ; Wang Z ; Lin Q ; Pei R ,2020,Isolation of DNA aptamers targeting N-cadherin and high-efficiency capture of circulating tumor cells by using dual aptamers,Nanoscale,10.1039/d0nr06180h,https://pubmed.ncbi.nlm.nih.gov/33174555/
33184583,Rosch JC,Rosch JC; Neal EH; Balikov DA; Rahim M; Lippmann ES,2020,CRISPR-Mediated Isogenic Cell-SELEX Approach for Generating Highly Specific Aptamers Against Native Membrane Proteins,Cell Mol Bioeng,10.1007/s12195-020-00651-y,https://pubmed.ncbi.nlm.nih.gov/33184583/
33195056,Wang Y,Wang Y; Li Z; Yu H,2020,Aptamer-Based Western Blot for Selective Protein Recognition,Front Chem,10.3389/fchem.2020.570528,https://pubmed.ncbi.nlm.nih.gov/33195056/
33206450,Huang M,Huang M; Li T; Xu Y; Wei X; Song J; Lin B; Zhu Z; Song Y; Yang C,2021,Activation of Aptamers with Gain of Function by Small-Molecule-Clipping of Intramolecular Motifs,Angew Chem Int Ed Engl,10.1002/anie.202013570,https://pubmed.ncbi.nlm.nih.gov/33206450/
33242496,Wang H,Wang H; Li X; Lai LA; Brentnall TA; Dawson DW; Kelly KA; Chen R; Pan S,2021,X-aptamers targeting Thy-1 membrane glycoprotein in pancreatic ductal adenocarcinoma,Biochimie,10.1016/j.biochi.2020.11.018,https://pubmed.ncbi.nlm.nih.gov/33242496/
33261145,Song Z,Song Z; Mao J; Barrero RA; Wang P; Zhang F; Wang T,2020,Development of a CD63 Aptamer for Efficient Cancer Immunochemistry and Immunoaffinity-Based Exosome Isolation,Molecules,10.3390/molecules25235585,https://pubmed.ncbi.nlm.nih.gov/33261145/
33303143,Zhu C,Zhu C; Li L; Fang S; Zhao Y; Zhao L; Yang G; Qu F,2021,Selection and characterization of an ssDNA aptamer against thyroglobulin,Talanta,10.1016/j.talanta.2020.121690,https://pubmed.ncbi.nlm.nih.gov/33303143/
33379043,Chinnappan R,Chinnappan R; Zaghloul NS; AlZabn R; Malkawi A; Abdel Rahman A; Abu-Salah KM; Zourob M,2021,Aptamer selection and aptasensor construction for bone density biomarkers,Talanta,10.1016/j.talanta.2020.121818,https://pubmed.ncbi.nlm.nih.gov/33379043/
33683787,Schmitz A,Schmitz A; Weber A; Bayin M; Breuers S; Fieberg V; Famulok M; Mayer G,2021,A SARS-CoV-2 Spike Binding DNA Aptamer that Inhibits Pseudovirus Infection by an RBD-Independent Mechanism*,Angew Chem Int Ed Engl,10.1002/anie.202100316,https://pubmed.ncbi.nlm.nih.gov/33683787/
33684258,Liu X,Liu X; Wang YL; Wu J; Qi J; Zeng Z; Wan Q; Chen Z; Manandhar P; Cavener VS; Boyle NR; Fu X; Salazar E; Kuchipudi SV; Kapur V; Zhang X; Umetani M; Sen M; Willson RC; Chen SH; Zu Y,2021,Neutralizing Aptamers Block S/RBD-ACE2 Interactions and Prevent Host Cell Infection,Angew Chem Int Ed Engl,10.1002/anie.202100345,https://pubmed.ncbi.nlm.nih.gov/33684258/
34056254,Bakhtiari H,Bakhtiari H; Palizban AA; Khanahmad H; Mofid MR,2021,Novel Approach to Overcome Defects of Cell-SELEX in Developing Aptamers against Aspartate β-Hydroxylase,ACS Omega,10.1021/acsomega.1c00876,https://pubmed.ncbi.nlm.nih.gov/34056254/
34169309,Matsunaga KI,Matsunaga KI; Kimoto M; Lim VW; Tan HP; Wong YQ; Sun W; Vasoo S; Leo YS; Hirao I,2021,High-affinity five/six-letter DNA aptamers with superior specificity enabling the detection of dengue NS1 protein variants beyond the serotype identification,Nucleic Acids Res,10.1093/nar/gkab515,https://pubmed.ncbi.nlm.nih.gov/34169309/
34204006,Uemachi H,Uemachi H; Kasahara Y; Tanaka K; Okuda T; Yoneda Y; Obika S,2021,Hybrid-Type SELEX for the Selection of Artificial Nucleic Acid Aptamers Exhibiting Cell Internalization Activity,Pharmaceutics,10.3390/pharmaceutics13060888,https://pubmed.ncbi.nlm.nih.gov/34204006/
34584404,Zhong J,Zhong J; Ding J; Deng L; Xiang Y; Liu D; Zhang Y; Chen X; Yang Q,2021,Selection of DNA Aptamers Recognizing EpCAM-Positive Prostate Cancer by Cell-SELEX for in vitro and in vivo MR Imaging,Drug Des Devel Ther,10.2147/DDDT.S322854,https://pubmed.ncbi.nlm.nih.gov/34584404/
34703655,Zhang L,Zhang L; Wang M; Zhu Z; Chen S; Wu H; Yang Y; Che F; Li Q; Li H,2021,"A GD2-aptamer-mediated, self-assembling nanomedicine for targeted multiple treatments in neuroblastoma theranostics",Mol Ther Nucleic Acids,10.1016/j.omtn.2021.08.021,https://pubmed.ncbi.nlm.nih.gov/34703655/
35019367,Gao T,Gao T; Pei R,2020,Isolation of DNA Aptamer Targeting PD-1 with an Antitumor Immunotherapy Effect,ACS Appl Bio Mater,10.1021/acsabm.0c00919,https://pubmed.ncbi.nlm.nih.gov/35019367/
35542182,Sun M,Sun M; Wu Z; Zhang J; Chen M; Lu Y; Yang C; Song Y,2022,Spherical neutralizing aptamer suppresses SARS-CoV-2 Omicron escape,Nano Today,10.1016/j.nantod.2022.101499,https://pubmed.ncbi.nlm.nih.gov/35542182/
7479933,Lin Y,Lin Y; Padmapriya A; Morden KM; Jayasena SD,1995,Peptide conjugation to an in vitro-selected DNA ligand improves enzyme inhibition,Proc Natl Acad Sci U S A,10.1073/pnas.92.24.11044,https://pubmed.ncbi.nlm.nih.gov/7479933/
7504300,Jellinek D,Jellinek D; Lynott CK; Rifkin DB; Janjić N,1993,High-affinity RNA ligands to basic fibroblast growth factor inhibit receptor binding,Proc Natl Acad Sci U S A,10.1073/pnas.90.23.11227,https://pubmed.ncbi.nlm.nih.gov/7504300/
7518691,Chen H,Chen H; Gold L,1994,Selection of high-affinity RNA ligands to reverse transcriptase: inhibition of cDNA synthesis and RNase H activity,Biochemistry,10.1021/bi00195a016,https://pubmed.ncbi.nlm.nih.gov/7518691/
7778267,Allen P,Allen P; Worland S; Gold L,1995,Isolation of high-affinity RNA ligands to HIV-1 integrase from a random pool,Virology,10.1006/viro.1995.1264,https://pubmed.ncbi.nlm.nih.gov/7778267/
8610114,Hale SP,Hale SP; Schimmel P,1996,Protein synthesis editing by a DNA aptamer,Proc Natl Acad Sci U S A,10.1073/pnas.93.7.2755,https://pubmed.ncbi.nlm.nih.gov/8610114/
8639644,Chen H,Chen H; McBroom DG; Zhu YQ; Gold L; North TW,1996,Inhibitory RNA ligand to reverse transcriptase from feline immunodeficiency virus,Biochemistry,10.1021/bi9600106,https://pubmed.ncbi.nlm.nih.gov/8639644/
8683119,Wiegand TW,Wiegand TW; Williams PB; Dreskin SC; Jouvin MH; Kinet JP; Tasset D,1996,High-affinity oligonucleotide ligands to human IgE inhibit binding to Fc epsilon receptor I,J Immunol,,https://pubmed.ncbi.nlm.nih.gov/8683119/
8916928,Green LS,Green LS; Jellinek D; Jenison R; Ostman A; Heldin CH; Janjic N,1996,Inhibitory DNA ligands to platelet-derived growth factor B-chain,Biochemistry,10.1021/bi961544+,https://pubmed.ncbi.nlm.nih.gov/8916928/
8951376,Dang C,Dang C; Jayasena SD,1996,Oligonucleotide inhibitors of Taq DNA polymerase facilitate detection of low copy number targets by PCR,J Mol Biol,10.1006/jmbi.1996.0640,https://pubmed.ncbi.nlm.nih.gov/8951376/
8981912,Hicke BJ,Hicke BJ; Watson SR; Koenig A; Lynott CK; Bargatze RF; Chang YF; Ringquist S; Moon-McDermott L; Jennings S; Fitzwater T; Han HL; Varki N; Albinana I; Willis MC; Varki A; Parma D,1996,DNA aptamers block L-selectin function in vivo. Inhibition of human lymphocyte trafficking in SCID mice,J Clin Invest,10.1172/JCI119092,https://pubmed.ncbi.nlm.nih.gov/8981912/
9023116,Berglund JA,Berglund JA; Charpentier B; Rosbash M,1997,A high affinity binding site for the HIV-1 nucleocapsid protein,Nucleic Acids Res,10.1093/nar/25.5.1042,https://pubmed.ncbi.nlm.nih.gov/9023116/
9035109,Pagratis NC,Pagratis NC; Bell C; Chang YF; Jennings S; Fitzwater T; Jellinek D; Dang C,1997,"Potent 2'-amino-, and 2'-fluoro-2'-deoxyribonucleotide RNA inhibitors of keratinocyte growth factor",Nat Biotechnol,10.1038/nbt0197-68,https://pubmed.ncbi.nlm.nih.gov/9035109/
9200462,Kubik MF,Kubik MF; Bell C; Fitzwater T; Watson SR; Tasset DM,1997,"Isolation and characterization of 2'-fluoro-, 2'-amino-, and 2'-fluoro-/amino-modified RNA ligands to human IFN-gamma that inhibit receptor binding",J Immunol,,https://pubmed.ncbi.nlm.nih.gov/9200462/
9310370,Urvil PT,Urvil PT; Kakiuchi N; Zhou DM; Shimotohno K; Kumar PK; Nishikawa S,1997,Selection of RNA aptamers that bind specifically to the NS3 protease of hepatitis C virus,Eur J Biochem,10.1111/j.1432-1033.1997.t01-1-00130.x,https://pubmed.ncbi.nlm.nih.gov/9310370/
9368651,Tasset DM,Tasset DM; Kubik MF; Steiner W,1997,Oligonucleotide inhibitors of human thrombin that bind distinct epitopes,J Mol Biol,10.1006/jmbi.1997.1275,https://pubmed.ncbi.nlm.nih.gov/9368651/
9452437,Hartmann R,Hartmann R; Norby PL; Martensen PM; Jorgensen P; James MC; Jacobsen C; Moestrup SK; Clemens MJ; Justesen J,1998,Activation of 2'-5' oligoadenylate synthetase by single-stranded and double-stranded RNA aptamers,J Biol Chem,10.1074/jbc.273.6.3236,https://pubmed.ncbi.nlm.nih.gov/9452437/
9526554,Bridonneau P,Bridonneau P; Chang YF; O'Connell D; Gill SC; Snyder DW; Johnson L; Goodson T Jr; Herron DK; Parma DH,1998,High-affinity aptamers selectively inhibit human nonpancreatic secretory phospholipase A2 (hnps-PLA2),J Med Chem,10.1021/jm970579k,https://pubmed.ncbi.nlm.nih.gov/9526554/
9546673,Gal SW,Gal SW; Amontov S; Urvil PT; Vishnuvardhan D; Nishikawa F; Kumar PK; Nishikawa S,1998,Selection of a RNA aptamer that binds to human activated protein C and inhibits its protease function,Eur J Biochem,10.1046/j.1432-1327.1998.2520553.x,https://pubmed.ncbi.nlm.nih.gov/9546673/
9603938,Bell SD,Bell SD; Denu JM; Dixon JE; Ellington AD,1998,RNA molecules that bind to and inhibit the active site of a tyrosine phosphatase,J Biol Chem,10.1074/jbc.273.23.14309,https://pubmed.ncbi.nlm.nih.gov/9603938/
9705498,Davis KA,Davis KA; Lin Y; Abrams B; Jayasena SD,1998,Staining of cell surface human CD4 with 2'-F-pyrimidine-containing RNA aptamers for flow cytometry,Nucleic Acids Res,10.1093/nar/26.17.3915,https://pubmed.ncbi.nlm.nih.gov/9705498/
